{"cameraMode":{"drawMode":0,"name":"Shaded","section":"Shading Mode"},"sceneLighting":true,"audioPlay":false,"sceneViewState":{"m_AlwaysRefresh":false,"showFog":true,"showSkybox":true,"showFlares":true,"showImageEffects":true,"showParticleSystems":true,"showVisualEffectGraphs":true,"m_FxEnabled":true},"in2DMode":false,"pivot":{"x":1.7392797470092774,"y":-3.465977907180786,"z":14.896623611450196},"rotation":{"x":0.14939150214195252,"y":-0.024914707988500596,"z":0.003763076150789857,"w":0.9884631633758545},"size":5.0240159034729,"orthographic":false}