{"cameraMode":{"drawMode":0,"name":"Shaded","section":"Shading Mode"},"sceneLighting":false,"audioPlay":false,"sceneViewState":{"m_AlwaysRefresh":false,"showFog":true,"showSkybox":false,"showFlares":true,"showImageEffects":true,"showParticleSystems":true,"showVisualEffectGraphs":true,"m_FxEnabled":true},"in2DMode":false,"pivot":{"x":-0.0033674314618110658,"y":-0.002324609085917473,"z":0.5775459408760071},"rotation":{"x":0.26850205659866335,"y":-0.23400868475437165,"z":0.06741707772016525,"w":0.9319896101951599},"size":0.7034170031547546,"orthographic":false}